<?xml version="1.0" encoding="UTF-8"?>
<!DOCTYPE suite SYSTEM "https://testng.org/testng-1.0.dtd">
<suite name="Assessment">
  <test thread-count="5" name="Assessment-Personality">
    <classes>
      <class name="assessmentPersonality.A1_Disc"/>
      <class name="assessmentPersonality.A2_16_Personality"/>     
      <class name="assessmentPersonality.A3_CoachingReq"/>
      <class name="assessmentPersonality.A4_ReqAssessment"/>
      <class name="assessmentPersonality.A5_Requests"/>
      <class name="assessmentPersonality.A6_CoachViewReport"/>
      <class name="assessmentPersonality.A7_FullReport"/>
      <class name="assessmentPersonality.A8_DeleteCoachRequest"/>
    </classes>
  </test> <!-- Assessment-Personality -->
</suite> <!-- Assessment -->
