<?xml version="1.0" encoding="UTF-8"?>
<!DOCTYPE suite SYSTEM "https://testng.org/testng-1.0.dtd">
<suite name="Buisness_Page">
  <test thread-count="5" name="Business-Hub">
    <classes>
      <class name="businessPage.B1_CreateBusiness"/>
      <class name="businessPage.B2_TrailSubscription"/>
      <class name="businessPage.B3_PurchaseSubscription"/>
      <class name="businessPage.B4_AutoRenew_Subscription"/>
      <class name="businessPage.B5_EditPage"/>
      <class name="businessPage.B6_EditSection"/>
      <class name="businessPage.B7_PublicView"/> 
      <class name="businessPage.B8_Delete_Business"/> 
    </classes>
  </test> <!-- Business-Hub -->
</suite> <!-- Buisness_Page -->
