<?xml version="1.0" encoding="UTF-8"?>
<!DOCTYPE suite SYSTEM "https://testng.org/testng-1.0.dtd">
<suite name="Coach_RazorPay">
  <test thread-count="5" name="Coaching-RazorPay">
    <classes>
      <class name="coachRazorPay.CR10_NewRequest"/>
      <class name="coachRazorPay.CR11_CreateProposal"/>
      <class name="coachRazorPay.CR20_AcceptProposal"/>
      <class name="coachRazorPay.CR21_RequestPayment"/>
      <class name="coachRazorPay.CR30_ApprovePayment"/>
      <class name="coachRazorPay.CR31_CompleteMilestone"/>
      <class name="coachRazorPay.CR40_ApproveMilestone"/>
      <class name="coachRazorPay.CR41_CoachPayment"/>
      <class name="coachRazorPay.CR50_ClientPayment"/>
    </classes>
  </test> <!-- Coaching-RazorPay -->
</suite> <!-- Coach_RazorPay -->
