<?xml version="1.0" encoding="UTF-8"?>
<!DOCTYPE suite SYSTEM "https://testng.org/testng-1.0.dtd">
<suite name="Coach_Stripe">
  <test thread-count="5" name="Coaching-Stripe">
    <classes>
      <class name="coachStripe.CS10_NewRequest"/>
      <class name="coachStripe.CS11_DeleteProposal"/>
      <class name="coachStripe.CS12_CoachMeeting_onProposal"/>
      <class name="coachStripe.CS13_DraftProposal"/>
      <class name="coachStripe.CS14_SendProposal"/>
      <class name="coachStripe.CS20_AcceptProposal"/>
      <class name="coachStripe.CS21_RequestPayment"/>
      <class name="coachStripe.CS30_ApprovePayment"/>
      <class name="coachStripe.CS31_CompleteMilestone"/>
      <class name="coachStripe.CS40_ApproveMilestone"/>
      <class name="coachStripe.CS41_CoachPayment"/>
      <class name="coachStripe.CS50_ClientPayment"/>
      <class name="coachStripe.CS60_CoachReqNI"/>     
      <class name="coachStripe.CS61_NotInterested"/>
      <class name="coachStripe.CS7_DeleteCoachRequest"/> 
    </classes>
  </test> <!-- Coaching-Stripe -->
</suite> <!-- Coach_Stripe -->
