<?xml version="1.0" encoding="UTF-8"?>
<!DOCTYPE suite SYSTEM "https://testng.org/testng-1.0.dtd">
<suite name="Coach_Page">
  <test thread-count="5" name="Coach-Page">
    <classes>  
      <class name="coachPage.C1_CreateCoach"/>
      <class name="coachPage.C2_CoachVerification"/>
      <class name="coachPage.C3_DeleteCoachPage"/>
      <class name="coachPage.C4_CoachStandard"/>
      <class name="coachPage.C5_CoachTeams"/>
    </classes>
  </test> <!--Coach-Page -->
</suite> <!-- Coach_Page -->
