<?xml version="1.0" encoding="UTF-8"?>
<!DOCTYPE suite SYSTEM "https://testng.org/testng-1.0.dtd">
<suite name="Dispute_CoachFavour">
  <test thread-count="5" name="CoachFavour-Dispute">
    <classes>
      <class name="disputeCoach.COF10_NewRequest"/>
      <class name="disputeCoach.COF11_CreateProposal"/>
      <class name="disputeCoach.COF20_AcceptProposal"/>
      <class name="disputeCoach.COF22_RequestPayment"/>
      <class name="disputeCoach.COF30_ApprovePayment"/>  
      <class name="disputeCoach.COF31_CompleteMilestone"/>
      <class name="disputeCoach.COF40_RaiseDispute"/>
      <class name="disputeCoach.COF41_DenyDispute"/>
      <class name="disputeCoach.COF5_AdminAssistance"/> 
    </classes>
  </test> <!-- CoachFavour-Dispute -->
</suite> <!-- Dispute_CoachFavour -->
