<?xml version="1.0" encoding="UTF-8"?>
<!DOCTYPE suite SYSTEM "https://testng.org/testng-1.0.dtd">
<suite name="Dispute_ClientFavour">
  <test thread-count="5" name="ClientFavour-Dispute">
    <classes>
      <class name="disputeClient.CLF10_NewRequest"/>
      <class name="disputeClient.CLF11_CreateProposal"/>
      <class name="disputeClient.CLF20_AcceptProposal"/> 
      <class name="disputeClient.CLF21_RequestPayment"/>
      <class name="disputeClient.CLF30_ApprovePayment"/>
      <class name="disputeClient.CLF31_CompleteMilestone"/>
      <class name="disputeClient.CLF40_RaiseDispute"/>
      <class name="disputeClient.CLF41_DenyDispute"/>
      <class name="disputeClient.CLF42_AdminAssistance"/> 
      <class name="disputeClient.CLF50_ClientPayment"/>
    </classes>
  </test> <!-- ClientFavour-Dispute -->
</suite> <!-- Dispute_ClientFavour -->
