<?xml version="1.0" encoding="UTF-8"?>
<!DOCTYPE suite SYSTEM "https://testng.org/testng-1.0.dtd">
<suite name="Coach_DisputeCancel">
  <test thread-count="5" name="Coaching-Cancel-Dispute">
    <classes>
      <class name="disputeCancel.DC10_NewRequest"/>
      <class name="disputeCancel.DC11_DraftProposal"/>  
      <class name="disputeCancel.DC12_SendProposal"/>   
      <class name="disputeCancel.DC13_AnotherProposal"/>
      <class name="disputeCancel.DC20_AcceptProposal"/>
      <class name="disputeCancel.DC21_RequestPayment"/>          
      <class name="disputeCancel.DC30_ApprovePayment"/>
      <class name="disputeCancel.DC31_CompleteMilestone"/>
      <class name="disputeCancel.DC4_RaiseDispute"/>
      <class name="disputeCancel.DC5_CancelDispute"/> 
    </classes>
  </test> <!-- Coaching-Cancel-Dispute -->
</suite> <!-- Coach_DisputeCancel -->
