<?xml version="1.0" encoding="UTF-8"?>
<!DOCTYPE suite SYSTEM "https://testng.org/testng-1.0.dtd">
<suite name="Coach_DisputeAccept">
  <test thread-count="5" name="Coaching-Accept-Dispute">
    <classes>
      <class name="disputeAccept.DA10_NewRequest"/>     
      <class name="disputeAccept.DA11_CreateProposal"/>
      <class name="disputeAccept.DA20_AcceptProposal"/>
      <class name="disputeAccept.DA21_RequestPayment"/>
      <class name="disputeAccept.DA30_ApprovePayment"/>
      <class name="disputeAccept.DA31_CompleteMilestone"/>   
      <class name="disputeAccept.DA40_RaiseDispute"/>
      <class name="disputeAccept.DA41_AcceptDispute"/>
      <class name="disputeAccept.DA50_ClientPayment"/>
    </classes>
  </test> <!-- Coaching-Accept-Dispute -->
</suite> <!-- Coach_DisputeAccept -->
