<?xml version="1.0" encoding="UTF-8"?>
<!DOCTYPE suite SYSTEM "https://testng.org/testng-1.0.dtd">
<suite name="Achnet_Suite">
  <suite-files>
  <suite-file path="DisputeAccept.xml"></suite-file>
  <suite-file path="DisputeCancel.xml"></suite-file>
  <suite-file path="CoachStripe.xml"></suite-file>
  <suite-file path="CoachStripe-Subscribed.xml"></suite-file>
  <suite-file path="DisputeClientFavor.xml"></suite-file>
  <suite-file path="DisputeCoachFavor.xml"></suite-file>
  <suite-file path="CoachRazorpay.xml"></suite-file>
  <suite-file path="Assessment.xml"></suite-file>
  <suite-file path="Coach.xml"></suite-file> 
  <suite-file path="BizMeeting.xml"></suite-file>
  <suite-file path="Business.xml"></suite-file> 
  <suite-file path="Teams.xml"></suite-file>
  <suite-file path="Jobs.xml"></suite-file> 
  </suite-files>
</suite> <!-- Achnet_Suite -->
