<?xml version="1.0" encoding="UTF-8"?>
<!DOCTYPE suite SYSTEM "https://testng.org/testng-1.0.dtd">
<suite name="Jobs_TalentManagement">
  <test thread-count="5" name="Jobs">
    <classes>
      <class name="Jobs.J00_PostJob"/>
      <class name="Jobs.J01_ApplyJob"/> 
      <class name="Jobs.J10_EditJob_AfterApply"/> 
      <class name="Jobs.J11_Skills_VideoResume"/> 
      <class name="Jobs.J12_Request_Assessment"/> 
      <class name="Jobs.J13_ShortlistCandidate"/> 
      <class name="Jobs.J20_Take_Assessment"/> 
      <class name="Jobs.J21_ViewAssessments"/>
      <class name="Jobs.J22_ScheduleInterview"/>
      <class name="Jobs.J31_InterviewerMeeting"/>
      <class name="Jobs.J40_InterviewerFeedback"/>
      <class name="Jobs.J41_SelectCandidate"/>
      <class name="Jobs.J51_CloseJob"/>
      <class name="Jobs.J52_PostLaterJob"/>
      <class name="Jobs.J60_ApplyWithoutSkill"/>
      <class name="Jobs.J61_DeleteJob"/> 
    </classes>
  </test> <!-- Jobs -->
</suite> <!-- Jobs_TalentManagement -->
