<?xml version="1.0" encoding="UTF-8"?>
<!DOCTYPE suite SYSTEM "https://testng.org/testng-1.0.dtd">
<suite name="Message Dashboard">
  <test thread-count="5" name="Messages">
    <classes>
      <class name="messageDashboard.M2_DeleteMessage"/>
      <class name="messageDashboard.M3_Archive_Unarchive"/>
      <class name="messageDashboard.M4_Edit_Reply_Message"/>
      <class name="messageDashboard.M5_CreateGroup"/>
      <class name="messageDashboard.M6_Remove_Add_Members"/>
      <class name="messageDashboard.M7_GroupMsg_Attachments"/>
    </classes>
  </test> <!-- Messages -->
</suite> <!-- Message Dashboard -->
