<?xml version="1.0" encoding="UTF-8"?>
<!DOCTYPE suite SYSTEM "https://testng.org/testng-1.0.dtd">
<suite name="Power Connect">
  <test thread-count="5" name="Power-Connect">
    <classes>
      <class name="powerConnect.PC0_Remove_Connection"/>
      <class name="powerConnect.PC1_Deny_Accept"/>
      <class name="powerConnect.PC2_Accept_RemoveConnections"/>
      <class name="powerConnect.PC3_Connections"/>
    </classes>
  </test> <!-- Power-Connect -->
</suite> <!-- Power Connect -->
