<?xml version="1.0" encoding="UTF-8"?>
<!DOCTYPE suite SYSTEM "https://testng.org/testng-1.0.dtd">
<suite name="Power Share Files">
  <test thread-count="5" name="Power-Share">
    <classes>
      <class name="powerShare.PS1_Crud_Upload"/>
      <class name="powerShare.PS2_Crud_Folder"/>
      <class name="powerShare.PS3_UnshareFiles"/>
      <class name="powerShare.PS4_ShareFiles"/>
      <class name="powerShare.PS5_Move_SearchFiles"/>
    </classes>
  </test> <!-- Power-Share -->
</suite> <!-- Power Share Files -->
