<?xml version="1.0" encoding="UTF-8"?>
<!DOCTYPE suite SYSTEM "https://testng.org/testng-1.0.dtd">
<suite name="Resume">
  <test thread-count="5" name="Resume">
    <classes>
      <class name="resume.R1_VideoResume"/>
      <class name="resume.R2_Experience"/>
      <class name="resume.R3_Education"/>
      <class name="resume.R5_Project"/>
      <class name="resume.R6_Specialisation"/>
      <class name="resume.R7_SkillsTools"/>
      <class name="resume.R8_Awards"/>
      <class name="resume.R9_Achievement"/>
      <class name="resume.R90_Membership"/>  
      <class name="resume.R91_InviteTestimonials"/>  
    </classes>
  </test> <!-- Resume -->
</suite> <!-- Resume -->
