<?xml version="1.0" encoding="UTF-8"?>
<!DOCTYPE suite SYSTEM "https://testng.org/testng-1.0.dtd">
<suite name="Social Power">
  <test thread-count="5" name="Social-Power">
    <classes>
      <class name="SocialPower.S1_CreatePublic_Post"/>
      <class name="SocialPower.S2_CreateCustom_Post"/>
      <class name="SocialPower.S3_LikeReply_Post"/>
      <class name="SocialPower.S4_Delete_CustomePost"/>
      <class name="SocialPower.S5_RemoveImage_Post"/>
      <class name="SocialPower.S6_AddImage_Post"/>
    </classes>
  </test> <!-- Social-Power -->
</suite> <!-- Social Power -->
