<?xml version="1.0" encoding="UTF-8"?>
<!DOCTYPE suite SYSTEM "https://testng.org/testng-1.0.dtd">
<suite name="Biz_Teams_Central">
  <test thread-count="5" name="Teams-Central">
    <classes>
      <class name="bizTeamsCentral.T1_CreateBizPage"/>
      <class name="bizTeamsCentral.T2_STD_Subscription"/>
      <class name="bizTeamsCentral.T3_STD_Create_2Teams"/>
      <class name="bizTeamsCentral.T4_Prime_Upgrade"/>
      <class name="bizTeamsCentral.T5_Prime_Create_Full_Teams"/>
      <class name="bizTeamsCentral.T6_Prime_Create_11thTeam"/>
      <class name="bizTeamsCentral.T7_BulkInvite_Local"/>
      <class name="bizTeamsCentral.T8_BulkInvite_Vault"/>
      <class name="bizTeamsCentral.T9_Prime_Add_Employees"/>
      <class name="bizTeamsCentral.T90_Delete_Business"/>
    </classes>
  </test> <!-- Teams-Central -->
</suite> <!-- Biz_Teams_Central -->
