<?xml version="1.0" encoding="UTF-8"?>
<!DOCTYPE suite SYSTEM "https://testng.org/testng-1.0.dtd">
<suite name="Technical_Assessment">
  <test thread-count="5" name="Tech-Assessment">
    <classes>
      <class name="assessmentTechnical.T1_CreateDlt_Test"/>
      <class name="assessmentTechnical.T2_Create_Questions"/>
      <class name="assessmentTechnical.T3_QuestionBank"/>
      <class name="assessmentTechnical.T4_Upload_Questions"/>
      <class name="assessmentTechnical.T5_CreateDlt_JobSkill"/>
      <class name="assessmentTechnical.T6_Clone_ArchiveTest"/>
    </classes>
  </test> <!-- Tech-Assessment -->
</suite> <!-- Technical_Assessment -->
